{
    "in_sample": {
        "total_samples": 560,
        "Mean of Predicted": 0.249836576813387,
        "Mean of Targets": 0.24930742956387694,
        "MSE": 1.2888009130767558e-05,
        "MAE": 0.002532877727609009,
        "RMSE": 0.003589987344095736,
        "R^2": 0.9998383517451717,
        "MRE": 0.809998620797986,
        "min_error": 1.1368263908073661e-05,
        "max_error": 0.02490822148102862,
        "std_error": 0.0025441186190407437
    },
    "out_of_sample": {
        "total_samples": 300,
        "Mean of Predicted": 0.21098659376481402,
        "Mean of Targets": 0.2107102080607299,
        "MSE": 1.724237934216373e-05,
        "MAE": 0.0027892031954734947,
        "RMSE": 0.004152394410718198,
        "R^2": 0.9997303167928465,
        "MRE": 0.8396489242026727,
        "min_error": 1.1409753922442256e-05,
        "max_error": 0.03141104606562056,
        "std_error": 0.0030761542348400183
    }
}