{
    "in_sample": {
        "total_samples": 560,
        "Mean of Predicted": 0.24991298791355493,
        "Mean of Targets": 0.24930742956387694,
        "MSE": 1.0311048314973928e-05,
        "MAE": 0.002134763080027016,
        "RMSE": 0.0032110821096592856,
        "R^2": 0.999870673356245,
        "MRE": 0.8150435884683801,
        "min_error": 2.157480741726836e-06,
        "max_error": 0.025561961483895085,
        "std_error": 0.002398715261786504
    },
    "out_of_sample": {
        "total_samples": 300,
        "Mean of Predicted": 0.21109811996607675,
        "Mean of Targets": 0.2107102080607299,
        "MSE": 1.4409976388753534e-05,
        "MAE": 0.002419254256203077,
        "RMSE": 0.0037960474692439678,
        "R^2": 0.999774617611038,
        "MRE": 0.780701267960543,
        "min_error": 3.402181169565033e-06,
        "max_error": 0.03323206353664662,
        "std_error": 0.0029252666942685464
    }
}