{
    "in_sample": {
        "total_samples": 1008,
        "Mean of Predicted": 0.23999846384186083,
        "Mean of Targets": 0.23908800857266216,
        "MSE": 5.517411260960753e-05,
        "MAE": 0.0046214210389341134,
        "RMSE": 0.0074279278812874544,
        "R^2": 0.9992657880789669,
        "MRE": 1.791752489435044,
        "min_error": 3.965926045901291e-06,
        "max_error": 0.048977279144122685,
        "std_error": 0.005815202506405487
    },
    "out_of_sample": {
        "total_samples": 540,
        "Mean of Predicted": 0.22911941416545265,
        "Mean of Targets": 0.22786936713296307,
        "MSE": 5.469640975291159e-05,
        "MAE": 0.004835818306356727,
        "RMSE": 0.007395702113586755,
        "R^2": 0.9992651743804908,
        "MRE": 2.1526753080090053,
        "min_error": 2.5864735083702683e-06,
        "max_error": 0.03751205906364869,
        "std_error": 0.0055956475104152826
    }
}