{
    "in_sample": {
        "total_samples": 16800,
        "Mean of Predicted": 0.17986310211315035,
        "Mean of Targets": 0.17972527783465275,
        "MSE": 6.0185917348198774e-05,
        "MAE": 0.0020920336898623522,
        "RMSE": 0.00775795832343786,
        "R^2": 0.9993039103824907,
        "MRE": 0.6027739834937376,
        "min_error": 2.508094101294489e-07,
        "max_error": 0.1869198042260578,
        "std_error": 0.007470563057004451
    },
    "out_of_sample": {
        "total_samples": 9000,
        "Mean of Predicted": 0.1783268452981687,
        "Mean of Targets": 0.17802889601143024,
        "MSE": 6.410652241775708e-05,
        "MAE": 0.0021806971794794917,
        "RMSE": 0.008006654883142965,
        "R^2": 0.999240283522491,
        "MRE": 0.630133913309136,
        "min_error": 6.191857312987104e-07,
        "max_error": 0.17388790403171178,
        "std_error": 0.007703965357474504
    }
}