S0,m,r,T,corp,alpha,beta,omega,gamma,lambda,sigma,V
111.50916690552,1,0.000198412698412698,0.396825396825397,1,1.2e-06,0.8,1e-06,110,0.6,0.433637273311615,12.112805022257
