S0,m,r,T,corp,alpha,beta,omega,gamma,lambda,sigma,V
102.408785170515,0.9,0.000198412698412698,0.178571428571429,1,1.15e-06,0.75,1e-07,100,0.4,0.943916478157043,20.9974129139756
