S0,m,r,T,corp,alpha,beta,omega,gamma,lambda,sigma,V
101.501417872613,1,0.000198412698412698,0.698412698412698,1,1.3e-06,0.82,1.5e-06,120,0.5,0.337335127592087,11.3792612725928
