S0,m,r,T,corp,alpha,beta,omega,gamma,lambda,sigma,V
104.536902896328,1,0.000198412698412698,0.793650793650794,1,1.1e-06,0.75,1e-07,90,0.45,0.297674298286438,11.0291332802744
