{
    "in_sample": {
        "total_samples": 560,
        "Mean of Predicted": 0.2506674321945248,
        "Mean of Targets": 0.2493074288716686,
        "MSE": 7.822720322172965e-05,
        "MAE": 0.00567513246001079,
        "RMSE": 0.008844614362521956,
        "R^2": 0.9990188328609455,
        "MRE": 2.5116031781909407,
        "min_error": 6.0936391080429475e-06,
        "max_error": 0.05314417289449981,
        "std_error": 0.006783809754338748
    },
    "out_of_sample": {
        "total_samples": 300,
        "Mean of Predicted": 0.2115515105296792,
        "Mean of Targets": 0.21071020790050907,
        "MSE": 7.964720217790249e-05,
        "MAE": 0.006020043427275183,
        "RMSE": 0.008924528120741314,
        "R^2": 0.9987542605030043,
        "MRE": 2.334725711220407,
        "min_error": 3.879845125176473e-07,
        "max_error": 0.041731089244643915,
        "std_error": 0.0065883442010586666
    }
}