{
    "in_sample": {
        "total_samples": 16800,
        "Mean of Predicted": 0.23165362002920195,
        "Mean of Targets": 0.23162923566570814,
        "MSE": 5.352081170616969e-07,
        "MAE": 0.0003830424287200371,
        "RMSE": 0.0007315791939781344,
        "R^2": 0.999992715693671,
        "MRE": 0.02544309106105939,
        "min_error": 0.0,
        "max_error": 0.009660747495066513,
        "std_error": 0.0006232869442415364
    },
    "out_of_sample": {
        "total_samples": 9000,
        "Mean of Predicted": 0.23529553922197474,
        "Mean of Targets": 0.2352798512130626,
        "MSE": 5.098152965019583e-07,
        "MAE": 0.0003841661903149737,
        "RMSE": 0.0007140135128286847,
        "R^2": 0.99999326069085,
        "MRE": 0.021146967079785185,
        "min_error": 9.270368422908959e-08,
        "max_error": 0.007732130006420812,
        "std_error": 0.0006018568224427115
    }
}