{
    "lr": 0.0006734785022458951,
    "weight_decay": 1.566900219983088e-07,
    "batch_size": 64,
    "epochs": 100,
    "dropout_rate": 0.0032295723176327673
}