{
  "omega": 9.99999993922529e-09,
  "alpha": 0.0,
  "beta": 0.8368037939071655,
  "gamma": 0.23315738141536713,
  "lambda": -0.0007888682885095477
}