{
  "method": "scipy_differential_evolution",
  "strategy": "best1bin",
  "calibrated_parameters": {
    "omega": 1.251321387840698e-07,
    "alpha": 1.0632009944893202e-06,
    "beta": 0.7065074180733697,
    "gamma": 7.92653394170681,
    "lambda": 0.42896938262306405
  },
  "true_parameters": {
    "omega": 1e-06,
    "alpha": 1.33e-06,
    "beta": 0.8,
    "gamma": 5.0,
    "lambda": 0.2
  },
  "convergence_history": [
    1317572096.0,
    1317571328.0,
    1317569152.0,
    1317570304.0,
    1317570688.0,
    1317569920.0,
    1317569792.0,
    1317570176.0,
    1317570048.0,
    1317570048.0,
    1317569536.0,
    1317570432.0,
    1317569152.0,
    1317570688.0
  ],
  "final_loss": 1317570688.0,
  "errors": {
    "l2_error": 2.9369659094066667,
    "relative_errors": {
      "omega": 87.48678612159301,
      "alpha": 20.06007560230675,
      "beta": 11.686572740828794,
      "gamma": 58.53067883413621,
      "lambda": 114.484691311532
    },
    "absolute_errors": {
      "omega": 8.748678612159302e-07,
      "alpha": 2.667990055106798e-07,
      "beta": 0.09349258192663035,
      "gamma": 2.9265339417068104,
      "lambda": 0.22896938262306404
    }
  }
}