{
  "method": "scipy_differential_evolution",
  "strategy": "rand1bin",
  "calibrated_parameters": {
    "omega": 1.244650522666859e-07,
    "alpha": 1.0933740627024913e-06,
    "beta": 0.709659419449069,
    "gamma": 1.084974440761129,
    "lambda": 0.30757170923140476
  },
  "true_parameters": {
    "omega": 1e-06,
    "alpha": 1.33e-06,
    "beta": 0.8,
    "gamma": 5.0,
    "lambda": 0.2
  },
  "convergence_history": [
    1317573120.0,
    1317571456.0,
    1317572736.0,
    1317572352.0,
    1317571584.0,
    1317572736.0,
    1317573376.0,
    1317569792.0,
    1317571456.0,
    1317571072.0,
    1317571328.0,
    1317571328.0,
    1317571200.0,
    1317571072.0,
    1317569408.0,
    1317569152.0
  ],
  "final_loss": 1317569152.0,
  "errors": {
    "l2_error": 3.917544922858665,
    "relative_errors": {
      "omega": 87.55349477333141,
      "alpha": 17.791423856955536,
      "beta": 11.292572568866385,
      "gamma": 78.30051118477742,
      "lambda": 53.78585461570237
    },
    "absolute_errors": {
      "omega": 8.755349477333141e-07,
      "alpha": 2.3662593729750862e-07,
      "beta": 0.09034058055093108,
      "gamma": 3.915025559238871,
      "lambda": 0.10757170923140474
    }
  }
}