{
  "calibrated_params": {
    "omega": 9.93262801785022e-07,
    "alpha": 1.3522541166821611e-06,
    "beta": 0.8500000238418579,
    "gamma": 4.160825252532959,
    "lambda": 0.41395631432533264
  },
  "convergence_history": [
    1382070912.0,
    1381841152.0,
    1380375808.0,
    1380375808.0,
    1380277248.0,
    1378416768.0,
    1378416768.0,
    1377405312.0,
    1377405312.0,
    1377405312.0,
    1376572672.0,
    1376572672.0,
    1376572672.0,
    1376196480.0,
    1376196480.0,
    1375996288.0,
    1375996288.0,
    1375996288.0,
    1375996288.0,
    1375996288.0,
    1375996288.0,
    1375996288.0,
    1375996288.0,
    1375996288.0,
    1375996288.0
  ],
  "final_loss": 1375996288.0,
  "two_norm_error": 0.8674627159770266
}