{
  "method": "scipy_differential_evolution",
  "strategy": "best2bin",
  "calibrated_parameters": {
    "omega": 1.6640847676622378e-07,
    "alpha": 1.0444178828964624e-06,
    "beta": 0.7080403441809362,
    "gamma": 5.6008168581027995,
    "lambda": 0.24399207041896565
  },
  "true_parameters": {
    "omega": 1e-06,
    "alpha": 1.33e-06,
    "beta": 0.8,
    "gamma": 5.0,
    "lambda": 0.2
  },
  "convergence_history": [
    1317572224.0,
    1317571840.0,
    1317572736.0,
    1317570176.0,
    1317571072.0,
    1317571840.0,
    1317570944.0,
    1317571712.0,
    1317570816.0,
    1317571584.0,
    1317571200.0,
    1317570176.0,
    1317570432.0,
    1317570560.0,
    1317570176.0,
    1317569792.0,
    1317569408.0,
    1317569664.0,
    1317569920.0
  ],
  "final_loss": 1317569920.0,
  "errors": {
    "l2_error": 0.60940362448824,
    "relative_errors": {
      "omega": 83.35915232337763,
      "alpha": 21.47233963184493,
      "beta": 11.49495697738298,
      "gamma": 12.01633716205599,
      "lambda": 21.996035209482816
    },
    "absolute_errors": {
      "omega": 8.335915232337762e-07,
      "alpha": 2.855821171035376e-07,
      "beta": 0.09195965581906385,
      "gamma": 0.6008168581027995,
      "lambda": 0.043992070418965634
    }
  }
}