{
  "calibrated_params": {
    "omega": 9.999999974752427e-07,
    "alpha": 1.3600000556834857e-06,
    "beta": 0.8500000238418579,
    "gamma": 2.665487766265869,
    "lambda": 0.3372291028499603
  },
  "convergence_history": [
    1382799488.0,
    1381843328.0,
    1381843328.0,
    1378384256.0,
    1378384256.0,
    1378232064.0,
    1378232064.0,
    1376183040.0,
    1376183040.0,
    1376183040.0,
    1376183040.0,
    1376183040.0,
    1375898496.0,
    1375898496.0,
    1375898496.0,
    1375898496.0,
    1375898496.0,
    1375898496.0,
    1375898496.0,
    1375898496.0,
    1375491968.0,
    1375491968.0,
    1375491968.0,
    1375491968.0,
    1375491968.0,
    1375395840.0,
    1375395840.0,
    1375395840.0,
    1375395840.0,
    1375395840.0,
    1375395840.0,
    1375395840.0,
    1375395840.0,
    1375395840.0,
    1375395840.0
  ],
  "final_loss": 1375395840.0,
  "two_norm_error": 2.33907656961193
}