{
  "calibrated_params": {
    "omega": 1.8966927939345624e-07,
    "alpha": 9.999999974752427e-07,
    "beta": 0.7003897428512573,
    "gamma": 3.374113082885742,
    "lambda": 0.34925031661987305
  },
  "convergence_history": [
    1317568640.0,
    1317568640.0,
    1317568640.0,
    1317568640.0,
    1317568512.0,
    1317568512.0,
    1317568512.0,
    1317568000.0,
    1317568000.0,
    1317567616.0,
    1317567616.0,
    1317567616.0,
    1317567616.0,
    1317567104.0,
    1317567104.0,
    1317567104.0,
    1317567104.0,
    1317567104.0,
    1317567104.0,
    1317567104.0,
    1317567104.0,
    1317567104.0,
    1317567104.0
  ],
  "final_loss": 1317567104.0,
  "two_norm_error": 1.6357585786369706
}