{
  "configuration": {
    "popsize": 50,
    "max_iter": 500,
    "mutation": [
      0.5,
      1.0
    ],
    "crossover": 0.7,
    "seed": 42,
    "device": "cuda"
  },
  "dataset_info": {
    "num_options": 30000,
    "num_returns": 1259,
    "options_file": "joint_dataset/scalable_hn_dataset_250x60.csv",
    "returns_file": "joint_dataset/assetprices.csv"
  },
  "true_parameters": {
    "omega": 1e-06,
    "alpha": 1.33e-06,
    "beta": 0.8,
    "gamma": 5.0,
    "lambda": 0.2
  },
  "calibrated_parameters": {
    "omega": 9.999999974752427e-07,
    "alpha": 1.359414341095544e-06,
    "beta": 0.8499898314476013,
    "gamma": 1.6150341033935547,
    "lambda": 0.4268990159034729
  },
  "errors": {
    "l2_error": 3.3929303364282033,
    "absolute_errors": {
      "omega": 2.5247572468697606e-15,
      "alpha": 2.941434109554396e-08,
      "beta": 0.049989831447601274,
      "gamma": 3.3849658966064453,
      "lambda": 0.2268990159034729
    },
    "relative_errors_percent": {
      "omega": 2.5247572468697606e-07,
      "alpha": 2.211604593649922,
      "beta": 6.2487289309501595,
      "gamma": 67.6993179321289,
      "lambda": 113.44950795173642
    }
  },
  "validation": {
    "omega_positive": true,
    "stationarity": true,
    "persistence": 0.8499912023544312,
    "unconditional_variance": 6.666275567113189e-06,
    "empirical_variance": 0.1205274686217308
  },
  "convergence_history": [
    1385983872.0,
    1381122688.0,
    1377516672.0,
    1377516672.0,
    1377516672.0,
    1377516672.0,
    1377516672.0,
    1377516672.0,
    1377516672.0,
    1377516672.0,
    1376975872.0,
    1376975872.0,
    1376975872.0,
    1376786560.0,
    1376786560.0,
    1376786560.0,
    1375933824.0,
    1375933824.0,
    1375933824.0,
    1375933824.0,
    1375933824.0,
    1375933824.0,
    1375933824.0,
    1375933824.0,
    1375828096.0,
    1375828096.0,
    1375828096.0,
    1375828096.0,
    1375828096.0,
    1375828096.0,
    1375828096.0,
    1375828096.0,
    1375828096.0,
    1375828096.0
  ],
  "timing": {
    "total_seconds": 134.9645962715149,
    "iterations_completed": 34
  },
  "final_objective_value": 1375828096.0
}