{
  "omega": 9.999999747378752e-06,
  "alpha": 0.05000000074505806,
  "beta": 0.8999999761581421,
  "gamma": 0.10000000149011612,
  "lambda": 0.0
}