{
  "improved_calibration": {
    "parameters": [
      9.99999993922529e-09,
      9.99999993922529e-09,
      0.10000000149011612,
      2.0584428310394287,
      -0.1802983283996582
    ],
    "l2_error": 3.0475211885667775,
    "convergence_history": [
      -1317737344.0,
      -1317737344.0,
      -1317756800.0,
      -14962466816.0,
      -23846014976.0,
      -23846014976.0,
      -55442624512.0,
      -55442624512.0,
      -55442624512.0,
      -55442624512.0,
      -55442624512.0,
      -55442624512.0,
      -55442624512.0,
      -58137006080.0,
      -58137006080.0,
      -58137006080.0,
      -58137006080.0,
      -58137006080.0,
      -58137006080.0,
      -58137006080.0,
      -58137006080.0,
      -58137006080.0,
      -58137006080.0
    ]
  },
  "true_parameters": [
    1e-06,
    1.33e-06,
    0.8,
    5.0,
    0.2
  ]
}