S0,m,r,T,corp,alpha,beta,omega,gamma,lambda,sigma,V
99.9340542338717,1.14550399422803,0.000198412698412698,0.356415368704864,-1,1.20889323833352e-06,0.828927932845149,1.92903405919878e-07,0.361973381543976,0.581719100618619,0.795482826925939,14.5408040504292
