{
  "method": "final_optimized_differential_evolution",
  "configuration": {
    "popsize": 30,
    "max_iter": 200,
    "mutation": 0.5,
    "crossover": 0.9,
    "seed": 42
  },
  "true_parameters": {
    "omega": 1e-06,
    "alpha": 1.33e-06,
    "beta": 0.8,
    "gamma": 5.0,
    "lambda": 0.2
  },
  "calibrated_parameters": {
    "omega": 0.0010000000474974513,
    "alpha": 0.017896883189678192,
    "beta": 1.0,
    "gamma": 0.1951192319393158,
    "lambda": -0.01957874186336994
  },
  "errors": {
    "l2_error": 4.814085091477174,
    "absolute_errors": {
      "omega": 0.0009990000474974514,
      "alpha": 0.01789555318967819,
      "beta": 0.19999999999999996,
      "gamma": 4.804880768060684,
      "lambda": 0.21957874186336995
    },
    "relative_errors_percent": {
      "omega": 99900.00474974515,
      "alpha": 1345530.315013398,
      "beta": 24.999999999999993,
      "gamma": 96.09761536121368,
      "lambda": 109.78937093168497
    }
  },
  "validation": {
    "omega_positive": true,
    "stationary": false,
    "persistence": 1.0178968906402588
  },
  "convergence_history": [
    100000000.0,
    100000000.0,
    100000000.0,
    100000000.0,
    100000000.0,
    100000000.0,
    100000000.0,
    100000000.0,
    100000000.0,
    100000000.0,
    100000000.0,
    100000000.0,
    100000000.0,
    100000000.0,
    100000000.0,
    100000000.0,
    100000000.0,
    100000000.0,
    100000000.0,
    100000000.0,
    100000000.0,
    100000000.0,
    100000000.0,
    100000000.0,
    100000000.0,
    100000000.0
  ],
  "timing": {
    "total_seconds": 65.33515477180481
  }
}