{
  "method": "fixed_differential_evolution",
  "configuration": {
    "popsize": 50,
    "max_iter": 300,
    "mutation": 0.6,
    "crossover": 0.8,
    "seed": 42
  },
  "true_parameters": {
    "omega": 1e-06,
    "alpha": 1.33e-06,
    "beta": 0.8,
    "gamma": 5.0,
    "lambda": 0.2
  },
  "calibrated_parameters": {
    "omega": 2.226198148491676e-06,
    "alpha": 0.011692413128912449,
    "beta": 0.9111124873161316,
    "gamma": 0.5504240989685059,
    "lambda": 0.15807856619358063
  },
  "errors": {
    "l2_error": 4.451175774097944,
    "absolute_errors": {
      "omega": 1.226198148491676e-06,
      "alpha": 0.011691083128912448,
      "beta": 0.11111248731613155,
      "gamma": 4.449575901031494,
      "lambda": 0.041921433806419384
    },
    "relative_errors_percent": {
      "omega": 122.6198148491676,
      "alpha": 879028.8066851464,
      "beta": 13.889060914516444,
      "gamma": 88.99151802062988,
      "lambda": 20.960716903209693
    }
  },
  "validation": {
    "omega_positive": true,
    "stationary": true,
    "persistence": 0.9228048920631409
  },
  "convergence_history": [
    1.3176519870758057,
    1.3176519870758057,
    1.3176519870758057,
    1.3176519870758057,
    1.3176519870758057,
    1.317651391029358,
    1.317651391029358,
    1.317651391029358,
    1.317651391029358,
    1.317651391029358,
    1.317651391029358,
    1.317651391029358,
    1.317651391029358,
    1.317651391029358,
    1.317651391029358,
    1.317651391029358,
    1.317651391029358,
    1.3176512718200684,
    1.3176512718200684,
    1.3176512718200684,
    1.3176512718200684,
    1.3176512718200684,
    1.3176512718200684,
    1.3176512718200684,
    1.3176512718200684,
    1.3176512718200684,
    1.3176512718200684,
    1.3176512718200684,
    1.3176512718200684,
    1.3176512718200684,
    1.3176512718200684
  ],
  "timing": {
    "total_seconds": 128.82197189331055
  }
}