{
  "method": "gpu_differential_evolution",
  "strategy": "best1bin",
  "calibrated_parameters": {
    "omega": 1.1952332101827778e-07,
    "alpha": 9.999999974752427e-07,
    "beta": 0.699999988079071,
    "gamma": 0.334033727645874,
    "lambda": 0.20000000298023224
  },
  "true_parameters": {
    "omega": 1e-06,
    "alpha": 1.33e-06,
    "beta": 0.8,
    "gamma": 5.0,
    "lambda": 0.2
  },
  "l2_error": 4.667037738987261,
  "convergence_history": [
    1317567744.0,
    1317567744.0,
    1317567744.0,
    1317567744.0,
    1317567744.0,
    1317567744.0,
    1317567744.0,
    1317567616.0,
    1317567488.0,
    1317566976.0,
    1317566976.0,
    1317566976.0,
    1317566976.0,
    1317566976.0,
    1317566976.0,
    1317566976.0,
    1317566976.0,
    1317566976.0,
    1317566976.0,
    1317566976.0,
    1317566976.0,
    1317566976.0,
    1317566976.0,
    1317566976.0,
    1317566976.0,
    1317566976.0,
    1317566976.0,
    1317566976.0,
    1317566976.0
  ],
  "validation": {
    "persistence": 0.7000010013580322,
    "stationary": true,
    "omega_positive": true
  }
}