S0,m,r,T,corp,alpha,beta,omega,gamma,lambda,sigma,V,strike,returns,log_moneyness,moneyness_squared,sqrt_T,log_T,inv_T,time_decay,log_gamma,log_omega,log_alpha,log_beta,log_lambda,risk_free_T,m_T_interaction,value_ratio,log_value,is_call,corp_m_interaction,corp_T_interaction,predicted_sigma,error,percent_error
102.408785170515,0.9,0.0001984126984126,0.178571428571429,1,1.15e-06,0.75,1e-07,100,0.4,0.943916478157043,20.9974129139756,92.1679066534635,0.0,-0.10536051565782628,0.81,0.4225771391964182,-1.7227665417411029,5.599999686400005,0.8364643072929829,4.605170186088091,-16.022785471153995,-13.667090552846,-0.28768205911844763,-0.9162907068741554,3.5430839002250085e-05,0.1607142857142861,0.20503526994255092,3.044399236038007,1.0,0.9,0.178571428571429,0.93986076,0.004055716991424152,0.42966905285335916
