S0,m,r,T,corp,alpha,beta,omega,gamma,lambda,sigma,V
104.950206825749,1.2,0.000198412698412698,0.119047619047619,1,1.15e-06,0.85,1e-07,50,0.5,0.381179265975952,0.561007169527844
