{
    "in_sample": {
        "total_samples": 16800,
        "Mean of Predicted": 0.23536461150518745,
        "Mean of Targets": 0.23162923566570812,
        "MSE": 9.872568836607423e-05,
        "MAE": 0.006714983234106084,
        "RMSE": 0.009936080130819912,
        "R^2": 0.9986563205346122,
        "MRE": 0.5161338431717561,
        "min_error": 5.43861613744312e-07,
        "max_error": 0.0596654878758012,
        "std_error": 0.007323570750101921
    },
    "out_of_sample": {
        "total_samples": 9000,
        "Mean of Predicted": 0.2387745759391059,
        "Mean of Targets": 0.2352798512130626,
        "MSE": 0.00010019214800396193,
        "MAE": 0.006726923269776694,
        "RMSE": 0.010009602789519768,
        "R^2": 0.9986755480574439,
        "MRE": 0.4578744274824415,
        "min_error": 4.273639840866872e-06,
        "max_error": 0.07789220025263457,
        "std_error": 0.007412196120347786
    }
}