{
    "in_sample": {
        "total_samples": 16800,
        "Mean of Predicted": 0.23117637029062885,
        "Mean of Targets": 0.23162923566570812,
        "MSE": 7.89723321374808e-06,
        "MAE": 0.001327113572065905,
        "RMSE": 0.0028102016322228696,
        "R^2": 0.9998925168284131,
        "MRE": 0.22923000035664054,
        "min_error": 6.1802456138848605e-09,
        "max_error": 0.07248152500430116,
        "std_error": 0.0024770956341220564
    },
    "out_of_sample": {
        "total_samples": 9000,
        "Mean of Predicted": 0.23474303252419348,
        "Mean of Targets": 0.2352798512130626,
        "MSE": 1.0103286228090943e-05,
        "MAE": 0.001352275548830312,
        "RMSE": 0.003178566693981887,
        "R^2": 0.9998664434555244,
        "MRE": 0.20329297617089964,
        "min_error": 3.9553571917760877e-07,
        "max_error": 0.11224977856922665,
        "std_error": 0.0028765668892147497
    }
}