{
    "in_sample": {
        "total_samples": 1255,
        "Mean of Predicted": 0.45611640154872085,
        "Mean of Targets": 0.45664406502836713,
        "MSE": 1.9270741371379773e-05,
        "MAE": 0.0033869904825708876,
        "RMSE": 0.004389845255971988,
        "R^2": 0.9996945002692686,
        "MRE": 0.014483606933161735,
        "min_error": 6.888886581235543e-06,
        "max_error": 0.019355180600726385,
        "std_error": 0.0027926755705512947
    },
    "out_of_sample": {
        "total_samples": 673,
        "Mean of Predicted": 0.4630011053057496,
        "Mean of Targets": 0.46354937962240844,
        "MSE": 2.9839336182746267e-05,
        "MAE": 0.003890114411314742,
        "RMSE": 0.005462539352970033,
        "R^2": 0.9995302685537895,
        "MRE": 0.03151417447245695,
        "min_error": 1.4660963749718592e-05,
        "max_error": 0.04047547646960581,
        "std_error": 0.003834885402411346
    }
}