{
    "in_sample": {
        "total_samples": 1008,
        "Mean of Predicted": 0.23957061505044489,
        "Mean of Targets": 0.23908800837195215,
        "MSE": 1.063040156888519e-05,
        "MAE": 0.0019551823331060616,
        "RMSE": 0.003260429660165235,
        "R^2": 0.9998585393185921,
        "MRE": 0.6960817293456776,
        "min_error": 5.477416313848238e-07,
        "max_error": 0.03765985462721248,
        "std_error": 0.0026091499790535473
    },
    "out_of_sample": {
        "total_samples": 540,
        "Mean of Predicted": 0.22852728998907149,
        "Mean of Targets": 0.2278693674479615,
        "MSE": 9.890845430652345e-06,
        "MAE": 0.002015454582416286,
        "RMSE": 0.0031449714514844716,
        "R^2": 0.9998671202247819,
        "MRE": 0.8227769687567223,
        "min_error": 2.601772749466491e-06,
        "max_error": 0.023300563841884614,
        "std_error": 0.0024142883541262298
    }
}