{
    "in_sample": {
        "total_samples": 1008,
        "Mean of Predicted": 0.23958742476145425,
        "Mean of Targets": 0.23908800837195215,
        "MSE": 1.3220277218387664e-05,
        "MAE": 0.002306832140305115,
        "RMSE": 0.0036359699143952862,
        "R^2": 0.9998240753736728,
        "MRE": 0.7424573607688982,
        "min_error": 1.3693540786896552e-05,
        "max_error": 0.03871319459198142,
        "std_error": 0.0028104808654112884
    },
    "out_of_sample": {
        "total_samples": 540,
        "Mean of Predicted": 0.22837983780551072,
        "Mean of Targets": 0.2278693674479615,
        "MSE": 1.4009210405745062e-05,
        "MAE": 0.00244780307119214,
        "RMSE": 0.0037428879766491893,
        "R^2": 0.9998117915457531,
        "MRE": 0.8969380773496194,
        "min_error": 6.527254441834884e-06,
        "max_error": 0.0293297613826479,
        "std_error": 0.002831513823100178
    }
}