S0,m,r,T,corp,alpha,beta,omega,gamma,lambda,sigma,V,source_file,strike,returns,log_moneyness,moneyness_squared,sqrt_T,log_T,inv_T,time_decay,log_gamma,log_omega,log_alpha,log_beta,log_lambda,risk_free_T,m_T_interaction,value_ratio,log_value,is_call,corp_m_interaction,corp_T_interaction,predicted_sigma,error,percent_error
104.950206825749,1.2,0.0001984126984126,0.119047619047619,1,1.15e-06,0.85,1e-07,50,0.5,0.381179265975952,0.561007169527844,random_data.csv,125.9402481908988,0.0,0.1823215567939546,1.44,0.34503279416255345,-2.128231621849272,8.399999294400063,0.8877655252065779,3.912023005628146,-16.022785471153995,-13.667090552846,-0.16251891773306906,-0.6931471605599454,2.3620559334833323e-05,0.1428571428571428,0.005345460351553582,-0.5780215758089886,1.0,1.2,0.119047619047619,0.36612162,0.015057646036147898,3.950279403995143
111.50916690552,1.0,0.0001984126984126,0.396825396825397,1,1.2e-06,0.8,1e-06,110,0.6,0.433637273311615,12.112805022257,random_data3.csv,111.50916690552,0.0,0.0,1.0,0.6299407962859661,-0.9242588763233318,2.519999936496,0.6724514275370007,4.700480365883325,-13.805560227111107,-13.624890198355624,-0.2231435388142097,-0.5108256070993241,7.873519778277781e-05,0.396825396825397,0.10862609198249801,2.4942631601614633,1.0,1.0,0.396825396825397,0.42032915,0.013308119773864757,3.0689520004202784
102.408785170515,0.9,0.0001984126984126,0.178571428571429,1,1.15e-06,0.75,1e-07,100,0.4,0.943916478157043,20.9974129139756,random_data2.csv,92.1679066534635,0.0,-0.10536051565782628,0.81,0.4225771391964182,-1.7227665417411029,5.599999686400005,0.8364643072929829,4.605170186088091,-16.022785471153995,-13.667090552846,-0.28768205911844763,-0.9162907068741554,3.5430839002250085e-05,0.1607142857142861,0.20503526994255092,3.044399236038007,1.0,0.9,0.178571428571429,0.93986076,0.004055716991424152,0.42966905285335916
101.501417872613,1.0,0.0001984126984126,0.698412698412698,1,1.3e-06,0.82,1.5e-06,120,0.5,0.337335127592087,11.3792612725928,random_data4.csv,101.501417872613,0.0,0.0,1.0,0.835710900020275,-0.35894507815509025,1.4318181613171497,0.49737416034334825,4.787491742865379,-13.403400907137442,-13.545483420751214,-0.19845092652871638,-0.6931471605599454,0.0001385739480976888,0.698412698412698,0.11210938241033228,2.4317925129350337,1.0,1.0,0.698412698412698,0.33208942,0.005245703458786222,1.5550421612567549
