S0,m,r,T,corp,alpha,beta,omega,gamma,lambda,sigma,V
101.459233020497,0.8,0.000198412698412698,0.119047619047619,1,1.15e-06,0.75,1e-07,0.25,0.4,0.001,20.2918466040994
