S0,m,r,T,corp,alpha,beta,omega,gamma,lambda,sigma,V
100.954256314012,0.96680880188103,0.000198412698412698,1.4686165375401,1,1.17342605776598e-06,0.806818573779339,1.13090199101094e-07,0.35258813382099,0.458991768685463,0.0912258263256335,6.6890334126302