S0,m,r,T,corp,alpha,beta,omega,gamma,lambda,sigma,V,source_file,strike,returns,log_moneyness,moneyness_squared,sqrt_T,log_T,inv_T,time_decay,log_gamma,log_omega,log_alpha,log_beta,log_lambda,risk_free_T,m_T_interaction,value_ratio,log_value,is_call,corp_m_interaction,corp_T_interaction,predicted_sigma,error,percent_error
101.459233020497,0.8,0.0001984126984126,0.119047619047619,1,1.15e-06,0.75,1e-07,0.25,0.4,0.001,20.2918466040994,random_data_duan0.csv,81.1673864163976,0.0,-0.2231435513142097,0.6400000000000001,0.34503279416255345,-2.128231621849272,8.399999294400063,0.8877655252065779,-1.3862943211198915,-16.022785471153995,-13.667090552846,-0.28768205911844763,-0.9162907068741554,2.3620559334833323e-05,0.0952380952380952,0.1999999999802877,3.01021916074129,1.0,0.8,0.119047619047619,0.014637773,-0.013637772925198077,-1363.7772925198076
