S0,m,r,T,corp,alpha,beta,omega,gamma,lambda,sigma,V,source_file,strike,returns,log_moneyness,moneyness_squared,sqrt_T,log_T,inv_T,time_decay,log_gamma,log_omega,log_alpha,log_beta,log_lambda,risk_free_T,m_T_interaction,value_ratio,log_value,is_call,corp_m_interaction,corp_T_interaction,predicted_sigma,error,percent_error
101.660546918291,1,0.0001984126984126,0.793650793650794,1,1.2e-06,0.75,1e-07,0.3,0.45,0.001,0,random_data_duan0.csv,101.660546918291,0.0,0.0,1,0.8908708119872343,-0.23111170836338615,1.2599999841239995,0.45219092239655007,-1.2039727709926034,-16.022785471153995,-13.624890198355624,-0.28768205911844763,-0.7985076739955497,0.00015747039556555562,0.793650793650794,0.0,-18.420680743952367,1.0,1,0.793650793650794,3.7402253e-05,0.0009625977470714133,96.25977470714133
