S0,m,r,T,corp,alpha,beta,omega,gamma,lambda,sigma,V,source_file,strike,returns,log_moneyness,moneyness_squared,sqrt_T,log_T,inv_T,time_decay,log_gamma,log_omega,log_alpha,log_beta,log_lambda,risk_free_T,m_T_interaction,value_ratio,log_value,is_call,corp_m_interaction,corp_T_interaction,predicted_sigma,error,percent_error
101.679204642307,1.12091654443716,0.0001984126984126,1.84611156375033,-1,1.24346121297452e-06,0.81236740508716,5.05489721779084e-07,0.319373912272724,0.495405102725872,0.30481383784395,12.9996051969087,random_data_duan0.csv,113.97390270877361,0.0,0.1141466938941977,1.2564538995929437,1.3587168850611704,0.6130815750723514,0.5416790697912829,0.15784976326113676,-1.1413926925183973,-14.47814847204106,-13.589601862806846,-0.20780255952497048,-0.7023794415807142,0.0003662919769344076,2.0693369946845017,0.12784920221751314,2.5649189883010677,0.0,-1.12091654443716,-1.84611156375033,0.1350198,0.16979404373746654,55.70417830715183
