{
    "in_sample": {
        "total_samples": 16800,
        "Mean of Predicted": 0.2590254019087043,
        "Mean of Targets": 0.25897207254526644,
        "MSE": 3.2278048658922095e-06,
        "MAE": 0.000934787491687072,
        "RMSE": 0.001796609269121199,
        "R^2": 0.9999667580045635,
        "MRE": 0.08923522189469019,
        "min_error": 9.786785415411003e-08,
        "max_error": 0.026757691145918777,
        "std_error": 0.0015342676465589702
    },
    "out_of_sample": {
        "total_samples": 9000,
        "Mean of Predicted": 0.26333781045393984,
        "Mean of Targets": 0.26330832142074007,
        "MSE": 3.425268441305242e-06,
        "MAE": 0.0009454697111649381,
        "RMSE": 0.0018507480761317144,
        "R^2": 0.9999642004872218,
        "MRE": 0.08751753401436253,
        "min_error": 6.524523599171772e-08,
        "max_error": 0.03515676824059859,
        "std_error": 0.0015910234022712961
    }
}