{
    "in_sample": {
        "total_samples": 4480,
        "Mean of Predicted": 0.2035226570015083,
        "Mean of Targets": 0.20344365095148237,
        "MSE": 0.0002510275354106943,
        "MAE": 0.008425222067527912,
        "RMSE": 0.015843848503778818,
        "R^2": 0.9952512859701872,
        "MRE": 0.1272882380646228,
        "min_error": 3.902775923651791e-07,
        "max_error": 0.42488595142460517,
        "std_error": 0.013418016564438093
    },
    "out_of_sample": {
        "total_samples": 2400,
        "Mean of Predicted": 0.2112842410159783,
        "Mean of Targets": 0.21138686938360687,
        "MSE": 0.00046006355896621997,
        "MAE": 0.009295944035166575,
        "RMSE": 0.021449092264387785,
        "R^2": 0.9920485420297035,
        "MRE": 0.13374267591221256,
        "min_error": 2.1302998653993654e-07,
        "max_error": 0.4869073552353084,
        "std_error": 0.01933000215885324
    }
}