{
    "in_sample": {
        "total_samples": 16800,
        "Mean of Predicted": 0.1807844510176149,
        "Mean of Targets": 0.17972527783465275,
        "MSE": 7.144095338779526e-05,
        "MAE": 0.002345280823142288,
        "RMSE": 0.00845227504212891,
        "R^2": 0.9991737385071244,
        "MRE": 0.7890256594979645,
        "min_error": 0.0,
        "max_error": 0.20044758597540227,
        "std_error": 0.008120382457027273
    },
    "out_of_sample": {
        "total_samples": 9000,
        "Mean of Predicted": 0.1791687725871648,
        "Mean of Targets": 0.1780288960114303,
        "MSE": 7.629511590130816e-05,
        "MAE": 0.0023916150620153297,
        "RMSE": 0.008734707545264933,
        "R^2": 0.9990958383871462,
        "MRE": 0.8213951226598022,
        "min_error": 2.821605865066523e-07,
        "max_error": 0.17559304748205187,
        "std_error": 0.008400910265944375
    }
}