{
    "in_sample": {
        "total_samples": 3360,
        "Mean of Predicted": 0.16860351269932058,
        "Mean of Targets": 0.16855281233769276,
        "MSE": 0.0002744458656082536,
        "MAE": 0.008213780206476985,
        "RMSE": 0.016566407746046022,
        "R^2": 0.9921302701119368,
        "MRE": 0.1636420791547869,
        "min_error": 6.921066642018303e-07,
        "max_error": 0.4756445518327627,
        "std_error": 0.014386788395188846
    },
    "out_of_sample": {
        "total_samples": 1800,
        "Mean of Predicted": 0.16115535455391372,
        "Mean of Targets": 0.16278957699774932,
        "MSE": 0.0020823111483512097,
        "MAE": 0.010424006344577352,
        "RMSE": 0.04563234760946679,
        "R^2": 0.9348220220470227,
        "MRE": 0.17602106254688488,
        "min_error": 4.836636024310725e-06,
        "max_error": 1.3914795859383404,
        "std_error": 0.0444257947602451
    }
}