{
    "in_sample": {
        "total_samples": 16800,
        "Mean of Predicted": 0.23165206598711,
        "Mean of Targets": 0.23162923566570814,
        "MSE": 5.681946259806055e-07,
        "MAE": 0.0003961708863035867,
        "RMSE": 0.000753786857129126,
        "R^2": 0.9999922667396509,
        "MRE": 0.03430723283521537,
        "min_error": 0.0,
        "max_error": 0.015198528764783737,
        "std_error": 0.0006412825078123027
    },
    "out_of_sample": {
        "total_samples": 9000,
        "Mean of Predicted": 0.2352914466543705,
        "Mean of Targets": 0.2352798512130626,
        "MSE": 5.36181696418246e-07,
        "MAE": 0.0003933864355351302,
        "RMSE": 0.0007322442873920192,
        "R^2": 0.999992912150268,
        "MRE": 0.029587487977374982,
        "min_error": 4.944196493883446e-08,
        "max_error": 0.010679965017796682,
        "std_error": 0.0006175992298855388
    }
}