{
  "dataset_1_scalable_hn_dataset_250x60": {
    "dataset_info": {
      "dataset_path": "joint_dataset/scalable_hn_dataset_250x60.csv",
      "asset_path": "joint_dataset/assetprices.csv",
      "params_path": "true_params/1.json",
      "dataset_name": "scalable_hn_dataset_250x60"
    },
    "true_parameters": {
      "omega": 1e-06,
      "alpha": 1.33e-06,
      "beta": 0.8,
      "gamma": 5.0,
      "lambda": 0.2
    },
    "initial_guess_parameters": {
      "omega": 9.999999980733104e-07,
      "alpha": 1.359999999550439e-06,
      "beta": 0.7500000002140766,
      "gamma": 1.000000008563065,
      "lambda": 0.2
    },
    "final_calibrated_parameters": {
      "omega": 1.0436386134298698e-07,
      "alpha": 1.194712295614985e-06,
      "beta": 0.7249044688412739,
      "gamma": 3.8311518211012086,
      "lambda": 0.4423384130173318
    },
    "metrics": {
      "l2_error": 1.1960657634677165,
      "persistence": 0.7249056635535696,
      "is_stationary": true,
      "omega_positive": true
    },
    "convergence_history": [
      1317570816.0,
      1317571072.0,
      1317570688.0,
      1317571456.0,
      1317571712.0
    ]
  }
}