{
  "dataset_1_scalable_hn_dataset_250x60": {
    "dataset_info": {
      "dataset_path": "joint_dataset/scalable_hn_dataset_250x60.csv",
      "asset_path": "joint_dataset/assetprices.csv",
      "params_path": "true_params/1.json",
      "dataset_name": "scalable_hn_dataset_250x60"
    },
    "baseline_moments": {
      "mean": 0.5341733694076538,
      "std": 0.4439317584037781,
      "skew": 0.7243226766586304,
      "kurtosis": -0.6046273708343506
    },
    "parameter_sets": {
      "true_parameters": {
        "base_parameters": {
          "omega": 1e-06,
          "alpha": 1.33e-06,
          "beta": 0.8,
          "gamma": 5.0,
          "lambda": 0.2
        },
        "noise_analysis": {
          "0.0": {
            "mean": 0.5341733694076538,
            "std": 0.4439317584037781,
            "skew": 0.7243226766586304,
            "kurtosis": -0.6046273708343506
          },
          "0.01": {
            "mean": 0.5343275213241577,
            "std": 0.4439444333314896,
            "skew": 0.7240204298496247,
            "kurtosis": -0.6047436666488647
          },
          "0.03": {
            "mean": 0.5338020896911622,
            "std": 0.44389238238334655,
            "skew": 0.7251505291461945,
            "kurtosis": -0.6039045381546021
          },
          "0.05": {
            "mean": 0.5329005360603333,
            "std": 0.44377424001693727,
            "skew": 0.7270297169685364,
            "kurtosis": -0.602518401145935
          }
        }
      },
      "initial_guess_parameters": {
        "base_parameters": {
          "omega": 1e-06,
          "alpha": 1.36e-06,
          "beta": 0.7500003179968243,
          "gamma": 1.0000137903175896,
          "lambda": 0.20000116834938103
        },
        "noise_analysis": {
          "0.0": {
            "mean": 0.4725527763366699,
            "std": 0.43915697932243347,
            "skew": 0.8599992394447327,
            "kurtosis": -0.4995577335357666
          },
          "0.01": {
            "mean": 0.4723298364877701,
            "std": 0.43913680911064146,
            "skew": 0.860534452199936,
            "kurtosis": -0.4989775037765503
          },
          "0.03": {
            "mean": 0.47164437115192415,
            "std": 0.439052814245224,
            "skew": 0.8621943306922912,
            "kurtosis": -0.49692837715148924
          },
          "0.05": {
            "mean": 0.471985929608345,
            "std": 0.43917988300323485,
            "skew": 0.861676607131958,
            "kurtosis": -0.4968738555908203
          }
        }
      },
      "final_calibrated_parameters": {
        "base_parameters": {
          "omega": 1.6765538026287898e-07,
          "alpha": 1.2876255694536595e-06,
          "beta": 0.7289009291029831,
          "gamma": 5.591162310643155,
          "lambda": 0.2595742759609071
        },
        "noise_analysis": {
          "0.0": {
            "mean": 0.5178239345550537,
            "std": 0.4510928988456726,
            "skew": 0.7596630454063416,
            "kurtosis": -0.6046116352081299
          },
          "0.01": {
            "mean": 0.5181680297851563,
            "std": 0.4511069333553314,
            "skew": 0.7589248013496399,
            "kurtosis": -0.6050626945495605
          },
          "0.03": {
            "mean": 0.5171646308898926,
            "std": 0.4510737019777298,
            "skew": 0.7612446904182434,
            "kurtosis": -0.6031320238113403
          },
          "0.05": {
            "mean": 0.5182168447971344,
            "std": 0.4511008608341217,
            "skew": 0.7589967608451843,
            "kurtosis": -0.6043847036361695
          }
        }
      }
    }
  },
  "dataset_2_2_scalable_hn_dataset_250x40": {
    "dataset_info": {
      "dataset_path": "joint_dataset/2_scalable_hn_dataset_250x40.csv",
      "asset_path": "joint_dataset/assetprices2.csv",
      "params_path": "true_params/2.json",
      "dataset_name": "2_scalable_hn_dataset_250x40"
    },
    "baseline_moments": {
      "mean": 0.5240228772163391,
      "std": 0.4445151090621948,
      "skew": 0.754322350025177,
      "kurtosis": -0.5868501663208008
    },
    "parameter_sets": {
      "true_parameters": {
        "base_parameters": {
          "omega": 1e-06,
          "alpha": 1e-06,
          "beta": 0.74,
          "gamma": 7.0,
          "lambda": 0.3
        },
        "noise_analysis": {
          "0.0": {
            "mean": 0.5240228772163391,
            "std": 0.4445151090621948,
            "skew": 0.754322350025177,
            "kurtosis": -0.5868501663208008
          },
          "0.01": {
            "mean": 0.5239277136325836,
            "std": 0.44448476493358613,
            "skew": 0.7545095658302308,
            "kurtosis": -0.5866830205917358
          },
          "0.03": {
            "mean": 0.5249344325065612,
            "std": 0.4445966386795044,
            "skew": 0.7524862039089203,
            "kurtosis": -0.587746000289917
          },
          "0.05": {
            "mean": 0.5233268463611602,
            "std": 0.44430906772613527,
            "skew": 0.7558821892738342,
            "kurtosis": -0.5848340272903443
          }
        }
      },
      "initial_guess_parameters": {
        "base_parameters": {
          "omega": 1e-07,
          "alpha": 1.15e-06,
          "beta": 0.75,
          "gamma": 1.0,
          "lambda": 0.2
        },
        "noise_analysis": {
          "0.0": {
            "mean": 0.4780206084251404,
            "std": 0.45710375905036926,
            "skew": 0.8708786368370056,
            "kurtosis": -0.5144760608673096
          },
          "0.01": {
            "mean": 0.47780224978923796,
            "std": 0.4570902556180954,
            "skew": 0.8714098334312439,
            "kurtosis": -0.5138665151596069
          },
          "0.03": {
            "mean": 0.47826689302921294,
            "std": 0.45717787504196167,
            "skew": 0.8703999793529511,
            "kurtosis": -0.5147828197479248
          },
          "0.05": {
            "mean": 0.4751780492067337,
            "std": 0.4569814711809158,
            "skew": 0.8778610849380493,
            "kurtosis": -0.5058158874511719
          }
        }
      },
      "final_calibrated_parameters": {
        "base_parameters": {
          "omega": 1.2473004716840878e-07,
          "alpha": 1.2948104169515057e-06,
          "beta": 0.7015893638518013,
          "gamma": 8.062863967036133,
          "lambda": 0.3169791315210519
        },
        "noise_analysis": {
          "0.0": {
            "mean": 0.5177112221717834,
            "std": 0.45428577065467834,
            "skew": 0.77097088098526,
            "kurtosis": -0.5994687080383301
          },
          "0.01": {
            "mean": 0.517508282661438,
            "std": 0.45424728095531464,
            "skew": 0.7713758027553559,
            "kurtosis": -0.5991462421417236
          },
          "0.03": {
            "mean": 0.5168950939178467,
            "std": 0.4542431038618088,
            "skew": 0.7728017401695252,
            "kurtosis": -0.5979752016067504
          },
          "0.05": {
            "mean": 0.5179353129863739,
            "std": 0.45439923942089083,
            "skew": 0.77081658244133,
            "kurtosis": -0.5988159704208375
          }
        }
      }
    }
  }
}