{
  "dataset_info": {
    "dataset_path": "joint_dataset/scalable_hn_dataset_250x60.csv",
    "asset_path": "joint_dataset/assetprices.csv",
    "params_path": "true_params/1.json",
    "dataset_name": "scalable_hn_dataset_250x60"
  },
  "true_parameters": {
    "omega": 1e-06,
    "alpha": 1.33e-06,
    "beta": 0.8,
    "gamma": 5.0,
    "lambda": 0.2
  },
  "initial_guess_parameters": {
    "omega": 9.99999512686063e-07,
    "alpha": 1.3599998862934147e-06,
    "beta": 0.750000054145993,
    "gamma": 1.000002168813964,
    "lambda": 0.20000016302874513
  },
  "final_calibrated_parameters": {
    "omega": 1.2543028508598354e-07,
    "alpha": 1.1681948362902447e-06,
    "beta": 0.7023252975699843,
    "gamma": 4.145556269069692,
    "lambda": 0.5471572438512682
  },
  "metrics": {
    "l2_error": 0.9274333338737059,
    "persistence": 0.7023264657648206,
    "is_stationary": 