{
    "in_sample": {
        "total_samples": 3360,
        "Mean of Predicted": 0.18343768585652234,
        "Mean of Targets": 0.18323924140827985,
        "MSE": 5.248348734990294e-05,
        "MAE": 0.0037652726770052566,
        "RMSE": 0.007244548802368781,
        "R^2": 0.9968079426461605,
        "MRE": 0.04760342917125081,
        "min_error": 1.8438681685661873e-06,
        "max_error": 0.09797341224871503,
        "std_error": 0.006189200999943418
    },
    "out_of_sample": {
        "total_samples": 1800,
        "Mean of Predicted": 0.18176379212225272,
        "Mean of Targets": 0.1817671547511378,
        "MSE": 6.207920197853999e-05,
        "MAE": 0.0037790045472762485,
        "RMSE": 0.007879035599522317,
        "R^2": 0.9960722730841032,
        "MRE": 0.046489050927990896,
        "min_error": 2.889644145909198e-07,
        "max_error": 0.09732593931734446,
        "std_error": 0.006913633387026349
    }
}