{
    "in_sample": {
        "total_samples": 16800,
        "Mean of Predicted": 0.25899620287797875,
        "Mean of Targets": 0.25897207254526644,
        "MSE": 1.5999237258435433e-06,
        "MAE": 0.0006634252338854243,
        "RMSE": 0.001264880913700394,
        "R^2": 0.9999835229639328,
        "MRE": 0.03186293276247614,
        "min_error": 1.3049047209445774e-07,
        "max_error": 0.015522885587074708,
        "std_error": 0.0010769357849415226
    },
    "out_of_sample": {
        "total_samples": 9000,
        "Mean of Predicted": 0.2632976368069724,
        "Mean of Targets": 0.2633083214207401,
        "MSE": 1.91954219637115e-06,
        "MAE": 0.0007050670159190357,
        "RMSE": 0.0013854754405514195,
        "R^2": 0.9999799377255929,
        "MRE": 0.03488463382792342,
        "min_error": 0.0,
        "max_error": 0.01985197224618108,
        "std_error": 0.0011926536376644212
    }
}