{
    "in_sample": {
        "total_samples": 16800,
        "Mean of Predicted": 0.15715682398317915,
        "Mean of Targets": 0.15713770545513228,
        "MSE": 0.0001478123124546894,
        "MAE": 0.0035155144804045104,
        "RMSE": 0.01215780870283331,
        "R^2": 0.9983303939492079,
        "MRE": 1.5906167841022776,
        "min_error": 8.191540840085665e-08,
        "max_error": 0.2001353738727048,
        "std_error": 0.01163844793745092
    },
    "out_of_sample": {
        "total_samples": 9000,
        "Mean of Predicted": 0.1558764067601333,
        "Mean of Targets": 0.1560114219330467,
        "MSE": 0.00017200924597417534,
        "MAE": 0.003736279350072739,
        "RMSE": 0.013115229543327686,
        "R^2": 0.9980233903091218,
        "MRE": 1.6099777716685766,
        "min_error": 2.97874213073257e-08,
        "max_error": 0.22483495647832752,
        "std_error": 0.012571772452299452
    }
}