{
    "in_sample": {
        "total_samples": 1008,
        "Mean of Predicted": 0.2397933399924803,
        "Mean of Targets": 0.23908800837195213,
        "MSE": 1.8256647578674406e-05,
        "MAE": 0.0025918228443906387,
        "RMSE": 0.004272779842055334,
        "R^2": 0.9997570554799866,
        "MRE": 1.0509682082672254,
        "min_error": 8.296003460112056e-06,
        "max_error": 0.038474501911961105,
        "std_error": 0.003396925363025986
    },
    "out_of_sample": {
        "total_samples": 540,
        "Mean of Predicted": 0.22895502674329532,
        "Mean of Targets": 0.2278693674479615,
        "MSE": 2.5175854287306178e-05,
        "MAE": 0.0029928275846530625,
        "RMSE": 0.005017554612289355,
        "R^2": 0.9996617718998769,
        "MRE": 1.4328093657088676,
        "min_error": 3.766294280588278e-05,
        "max_error": 0.03165863327555842,
        "std_error": 0.004027261766491706
    }
}