{
    "in_sample": {
        "total_samples": 16800,
        "Mean of Predicted": 0.25900547733561724,
        "Mean of Targets": 0.2589720725452664,
        "MSE": 1.8525482869726734e-06,
        "MAE": 0.0007024472703309963,
        "RMSE": 0.0013610834974286748,
        "R^2": 0.9999809212749036,
        "MRE": 0.032754717334047015,
        "min_error": 9.786785393206543e-08,
        "max_error": 0.017260170488161863,
        "std_error": 0.001165811356685637
    },
    "out_of_sample": {
        "total_samples": 9000,
        "Mean of Predicted": 0.2633065335782707,
        "Mean of Targets": 0.2633083214207401,
        "MSE": 2.221288947446331e-06,
        "MAE": 0.0007382368480806865,
        "RMSE": 0.0014903989222507948,
        "R^2": 0.9999767839912634,
        "MRE": 0.034331511273436074,
        "min_error": 6.524523610967892e-08,
        "max_error": 0.027219399059034838,
        "std_error": 0.0012947182332778914
    }
}