{
    "in_sample": {
        "total_samples": 3360,
        "Mean of Predicted": 0.16847612831140768,
        "Mean of Targets": 0.16855282998296545,
        "MSE": 0.000758898546489933,
        "MAE": 0.01354392096506865,
        "RMSE": 0.02754811330182038,
        "R^2": 0.9782386148460037,
        "MRE": 0.29340561281797667,
        "min_error": 6.488710641017192e-08,
        "max_error": 0.534030575633049,
        "std_error": 0.02398876302317205
    },
    "out_of_sample": {
        "total_samples": 1800,
        "Mean of Predicted": 0.16037606724990894,
        "Mean of Targets": 0.16278954389468023,
        "MSE": 0.0024815574891184997,
        "MAE": 0.015523907125195836,
        "RMSE": 0.0498152335046068,
        "R^2": 0.9223249776781614,
        "MRE": 0.29529151605179615,
        "min_error": 2.1629035473758051e-07,
        "max_error": 1.414490160644753,
        "std_error": 0.04733461520585959
    }
}