{
    "in_sample": {
        "total_samples": 16800,
        "Mean of Predicted": 0.2317853593364753,
        "Mean of Targets": 0.2316292356657081,
        "MSE": 4.564198431698891e-06,
        "MAE": 0.0009392206102894186,
        "RMSE": 0.0021363984721252003,
        "R^2": 0.999937880203115,
        "MRE": 0.2275756764553032,
        "min_error": 2.4720982427783866e-08,
        "max_error": 0.06088273669109127,
        "std_error": 0.0019188702605716895
    },
    "out_of_sample": {
        "total_samples": 9000,
        "Mean of Predicted": 0.23536692025870004,
        "Mean of Targets": 0.2352798512130626,
        "MSE": 7.470974237838174e-06,
        "MAE": 0.0009535069819913566,
        "RMSE": 0.0027333082954248272,
        "R^2": 0.9999012403013687,
        "MRE": 0.20215733842903844,
        "min_error": 0.0,
        "max_error": 0.1271858037192238,
        "std_error": 0.002561600802844172
    }
}