{
    "in_sample": {
        "total_samples": 16800,
        "Mean of Predicted": 0.2583448370431935,
        "Mean of Targets": 0.25897207254526644,
        "MSE": 1.800837392093594e-05,
        "MAE": 0.0019827344044716826,
        "RMSE": 0.00424362744841438,
        "R^2": 0.9998145382671599,
        "MRE": 0.22229005545132974,
        "min_error": 6.524523610274002e-08,
        "max_error": 0.11605755717442806,
        "std_error": 0.0037519512526497808
    },
    "out_of_sample": {
        "total_samples": 9000,
        "Mean of Predicted": 0.2626928991865232,
        "Mean of Targets": 0.2633083214207401,
        "MSE": 1.4199152852815509e-05,
        "MAE": 0.0019430137242943044,
        "RMSE": 0.0037681763298465093,
        "R^2": 0.9998515962288196,
        "MRE": 0.20658306899607534,
        "min_error": 4.240940344735211e-07,
        "max_error": 0.07893383341068104,
        "std_error": 0.0032285988478006197
    }
}