{
    "in_sample": {
        "total_samples": 50,
        "Mean of Predicted": 0.17285563621574945,
        "Mean of Targets": 0.17095067458027063,
        "MSE": 0.008783929095523774,
        "MAE": 0.0720935028236332,
        "RMSE": 0.09372261784395362,
        "R^2": 0.8824615513614766,
        "MRE": 25.331801964623292,
        "min_error": 0.002485514129528202,
        "max_error": 0.23549952177503536,
        "std_error": 0.05988702652613977
    },
    "out_of_sample": {
        "total_samples": 27,
        "Mean of Predicted": 0.22818338312123462,
        "Mean of Targets": 0.2892912158139666,
        "MSE": 0.016067994168101726,
        "MAE": 0.0950351704881603,
        "RMSE": 0.12675959201615367,
        "R^2": 0.8884190157804949,
        "MRE": 17.123542616298792,
        "min_error": 0.0017286494488928522,
        "max_error": 0.27047819793989936,
        "std_error": 0.08388271894966226
    }
}