{
    "in_sample": {
        "total_samples": 16800,
        "Mean of Predicted": 0.23166509804332758,
        "Mean of Targets": 0.23162923566570814,
        "MSE": 4.915568476516127e-07,
        "MAE": 0.0003978992771130931,
        "RMSE": 0.0007011111521375286,
        "R^2": 0.9999933097975492,
        "MRE": 0.03653907028408576,
        "min_error": 1.2360491227769721e-08,
        "max_error": 0.008903889896412671,
        "std_error": 0.0005772633826291865
    },
    "out_of_sample": {
        "total_samples": 9000,
        "Mean of Predicted": 0.23530546214331763,
        "Mean of Targets": 0.2352798512130626,
        "MSE": 4.729957848073888e-07,
        "MAE": 0.0004012636973299328,
        "RMSE": 0.0006877468900746762,
        "R^2": 0.9999937474123622,
        "MRE": 0.031875186001011586,
        "min_error": 4.9441964911078884e-08,
        "max_error": 0.007513612744717559,
        "std_error": 0.0005585545900021778
    }
}