{
    "in_sample": {
        "total_samples": 16800,
        "Mean of Predicted": 0.2317400885285732,
        "Mean of Targets": 0.23162923564869203,
        "MSE": 1.2968252310574957e-06,
        "MAE": 0.0007509077086540012,
        "RMSE": 0.0011387823457788128,
        "R^2": 0.9999823499084967,
        "MRE": 0.12789213750134237,
        "min_error": 1.9456791877647817e-07,
        "max_error": 0.009954136523704468,
        "std_error": 0.0008561324921654904
    },
    "out_of_sample": {
        "total_samples": 9000,
        "Mean of Predicted": 0.23536984291865448,
        "Mean of Targets": 0.2352798512817044,
        "MSE": 1.2638911063109752e-06,
        "MAE": 0.0007530361813046032,
        "RMSE": 0.001124229116466468,
        "R^2": 0.9999832924728707,
        "MRE": 0.12093712821596253,
        "min_error": 1.52006185763498e-08,
        "max_error": 0.010468035238883937,
        "std_error": 0.0008347620115680612
    }
}