{
    "in_sample": {
        "total_samples": 5376,
        "Mean of Predicted": 0.18466780396183605,
        "Mean of Targets": 0.1845172706447306,
        "MSE": 0.00028973416466390766,
        "MAE": 0.0064183571912927225,
        "RMSE": 0.01702157938218154,
        "R^2": 0.9936382085173033,
        "MRE": 0.11863757729720105,
        "min_error": 6.386509740358148e-07,
        "max_error": 0.5157985257640144,
        "std_error": 0.015765115147974296
    },
    "out_of_sample": {
        "total_samples": 2880,
        "Mean of Predicted": 0.17875294655205526,
        "Mean of Targets": 0.17873111073738707,
        "MSE": 0.00025174980692628307,
        "MAE": 0.006593147226846896,
        "RMSE": 0.01586662556835205,
        "R^2": 0.9938398458984692,
        "MRE": 0.13178102943560116,
        "min_error": 3.76452523660753e-07,
        "max_error": 0.2606304156873468,
        "std_error": 0.014431916593834799
    }
}