{
    "in_sample": {
        "total_samples": 16800,
        "Mean of Predicted": 0.23178121527047682,
        "Mean of Targets": 0.23162923564869198,
        "MSE": 4.6156711579618804e-06,
        "MAE": 0.0009450089184605533,
        "RMSE": 0.002148411310238773,
        "R^2": 0.9999371796473909,
        "MRE": 0.23207515973814666,
        "min_error": 0.0,
        "max_error": 0.05664277058583973,
        "std_error": 0.0019294116465886422
    },
    "out_of_sample": {
        "total_samples": 9000,
        "Mean of Predicted": 0.23537527323428437,
        "Mean of Targets": 0.2352798512817044,
        "MSE": 6.603309325198945e-06,
        "MAE": 0.0009642025724776628,
        "RMSE": 0.002569690511559504,
        "R^2": 0.9999127100672331,
        "MRE": 0.20721020649761268,
        "min_error": 4.864197968856843e-07,
        "max_error": 0.11110249520382547,
        "std_error": 0.0023819367591156573
    }
}