{
    "in_sample": {
        "total_samples": 16800,
        "Mean of Predicted": 0.23165204999389094,
        "Mean of Targets": 0.2316292356657081,
        "MSE": 4.0344516015117087e-07,
        "MAE": 0.00033979169342795914,
        "RMSE": 0.0006351733307933913,
        "R^2": 0.9999945090180066,
        "MRE": 0.02909739570468154,
        "min_error": 3.090122806248541e-08,
        "max_error": 0.009835289991646665,
        "std_error": 0.0005366439836880039
    },
    "out_of_sample": {
        "total_samples": 9000,
        "Mean of Predicted": 0.23529222658429044,
        "Mean of Targets": 0.23527985121306266,
        "MSE": 3.861900615175822e-07,
        "MAE": 0.00034047008582954545,
        "RMSE": 0.0006214419212746934,
        "R^2": 0.9999948949075614,
        "MRE": 0.02448201875405658,
        "min_error": 3.7081473669431375e-08,
        "max_error": 0.007626734415341963,
        "std_error": 0.0005198751601805996
    }
}