{
    "in_sample": {
        "total_samples": 560,
        "Mean of Predicted": 0.2510542627001251,
        "Mean of Targets": 0.24930742956387694,
        "MSE": 0.00012909192371020404,
        "MAE": 0.006868415980550554,
        "RMSE": 0.011361862686646237,
        "R^2": 0.9983808605372289,
        "MRE": 3.42088790317013,
        "min_error": 5.367770595302024e-06,
        "max_error": 0.06815814620378517,
        "std_error": 0.009050789226820047
    },
    "out_of_sample": {
        "total_samples": 300,
        "Mean of Predicted": 0.21150731077130253,
        "Mean of Targets": 0.2107102080607299,
        "MSE": 0.00011844857023388652,
        "MAE": 0.006884883216756359,
        "RMSE": 0.010883408024781875,
        "R^2": 0.9981473792178259,
        "MRE": 3.083108103788392,
        "min_error": 3.5681412265953227e-06,
        "max_error": 0.049624691674887374,
        "std_error": 0.008428935479970952
    }
}